"annotation_id","annotator","created_at","id","image","label","lead_time","updated_at"
41,"2","2025-05-23T10:40:29.822573Z",19,"/data/upload/2/3aa5c910-dc_odometer_mileage_1UAI21Q2GLYQEW76.jpg","[{""x"":6.36310566258026,""y"":8.406304728546385,""width"":93.63689433741973,""height"":91.59369527145361,""rotation"":0,""rectanglelabels"":[""Odometer""],""original_width"":2448,""original_height"":3264}]",25.394,"2025-05-23T10:40:29.822573Z"
20,"2","2025-05-23T09:58:03.837291Z",20,"/data/upload/2/15868cf7-dc_odometer_mileage_3ANOF5FQF8592CBF.jpg","[{""x"":23.51138353765324,""y"":7.530647985989491,""width"":71.71628721541157,""height"":82.48686514886164,""rotation"":0,""rectanglelabels"":[""Odometer""],""original_width"":4000,""original_height"":3000}]",9.396,"2025-05-23T09:58:03.837291Z"
21,"2","2025-05-23T09:58:11.964760Z",21,"/data/upload/2/b88bcc8e-dc_odometer_mileage_3FF31BU4MAWVFEK3.jpg","[{""x"":16.112084063047284,""y"":23.29246935201401,""width"":78.45884413309983,""height"":45.53415061295972,""rotation"":0,""rectanglelabels"":[""Odometer""],""original_width"":2448,""original_height"":3264}]",7.74,"2025-05-23T09:58:11.964760Z"
22,"2","2025-05-23T09:58:25.971499Z",22,"/data/upload/2/7a414bce-dc_odometer_mileage_4E6Z6YZM0IT2GIJJ.jpg","[{""x"":13.776999416228838,""y"":5.253940455341506,""width"":74.25569176882662,""height"":81.26094570928197,""rotation"":0,""rectanglelabels"":[""Odometer""],""original_width"":2448,""original_height"":3264}]",13.594,"2025-05-23T09:58:25.971499Z"
23,"2","2025-05-23T10:00:40.097116Z",23,"/data/upload/2/6267e00e-dc_odometer_mileage_4UWFIK9EME3K4500.jpg","[{""x"":57.4430823117338,""y"":51.138353765324,""width"":5.37069468768243,""height"":1.9264448336252187,""rotation"":0,""rectanglelabels"":[""Digit_1""],""original_width"":3840,""original_height"":5120},{""x"":57.52765019158682,""y"":49.4935946285952,""width"":5.491684916567763,""height"":1.6880179046827095,""rotation"":0,""rectanglelabels"":[""Digit_2""],""original_width"":3840,""original_height"":5120},{""x"":57.43762257000375,""y"":47.53549385916325,""width"":5.491684916567756,""height"":1.8905800532446335,""rotation"":0,""rectanglelabels"":[""Digit_3""],""original_width"":3840,""original_height"":5120},{""x"":57.347594948420664,""y"":45.239789508794765,""width"":5.671740159733922,""height"":2.2957043503684886,""rotation"":0,""rectanglelabels"":[""Digit_4""],""original_width"":3840,""original_height"":5120},{""x"":57.16753970525451,""y"":42.809043726051655,""width"":5.581712538150839,""height"":2.4307457827431094,""rotation"":0,""rectanglelabels"":[""Digit_5""],""original_width"":3840,""original_height"":5120},{""x"":8.172796263864566,""y"":16.46234676007005,""width"":87.79918272037361,""height"":82.31173380035027,""rotation"":0,""rectanglelabels"":[""Odometer""],""original_width"":3840,""original_height"":5120}]",133.702,"2025-05-23T10:00:40.097116Z"
24,"2","2025-05-23T10:00:53.233694Z",24,"/data/upload/2/145d2a5f-dc_odometer_mileage_6W0IOUOR56OF1UKE.jpg","[{""x"":14.477524810274373,""y"":1.926444833625219,""width"":73.0881494454174,""height"":94.92119089316988,""rotation"":0,""rectanglelabels"":[""Odometer""],""original_width"":2448,""original_height"":3264}]",12.674,"2025-05-23T10:00:53.233694Z"
25,"2","2025-05-23T10:02:05.602687Z",25,"/data/upload/2/1565ddee-dc_odometer_mileage_7FVM2TB22DGXL694.jpg","[{""x"":59.20534150612959,""y"":53.239929947460595,""width"":1.5761821366024549,""height"":3.8528896672504374,""rotation"":0,""rectanglelabels"":[""Digit_1""],""original_width"":4608,""original_height"":2592},{""x"":57.43213660245184,""y"":52.88966725043783,""width"":1.674693520140103,""height"":4.3782837127845795,""rotation"":0,""rectanglelabels"":[""Digit_2""],""original_width"":4608,""original_height"":2592},{""x"":55.56042031523643,""y"":53.06479859894922,""width"":1.7732049036777582,""height"":4.553415061295972,""rotation"":0,""rectanglelabels"":[""Digit_3""],""original_width"":4608,""original_height"":2592},{""x"":53.78721541155868,""y"":53.59019264448336,""width"":1.5761821366024407,""height"":4.02802101576183,""rotation"":0,""rectanglelabels"":[""Digit_4""],""original_width"":4608,""original_height"":2592},{""x"":51.915499124343256,""y"":53.59019264448336,""width"":2.068739054290724,""height"":4.02802101576183,""rotation"":0,""rectanglelabels"":[""Digit_5""],""original_width"":4608,""original_height"":2592},{""x"":50.1422942206655,""y"":53.41506129597198,""width"":1.7732049036777582,""height"":4.72854640980735,""rotation"":0,""rectanglelabels"":[""Digit_6""],""original_width"":4608,""original_height"":2592},{""x"":2.068739054290718,""y"":27.495621716287218,""width"":97.93126094570928,""height"":64.79859894921191,""rotation"":0,""rectanglelabels"":[""Odometer""],""original_width"":4608,""original_height"":2592}]",71.939,"2025-05-23T10:02:05.602687Z"
26,"2","2025-05-23T10:03:34.483561Z",26,"/data/upload/2/b8ae1c5b-dc_odometer_mileage_7RQLTZEPT86E3M3R.jpg","[{""x"":49.8733986571488,""y"":38.08259359294008,""width"":1.01281074280962,""height"":2.6333079313050334,""rotation"":0,""rectanglelabels"":[""Digit_1""],""original_width"":4032,""original_height"":3024},{""x"":48.5061041543558,""y"":38.15011430912739,""width"":1.164732354231063,""height"":2.363225066555792,""rotation"":0,""rectanglelabels"":[""Digit_2""],""original_width"":4032,""original_height"":3024},{""x"":47.38952763332293,""y"":37.983164912370405,""width"":1.228457584318626,""height"":2.7089064679846544,""rotation"":0,""rectanglelabels"":[""Digit_3""],""original_width"":4032,""original_height"":3024},{""x"":46.42093607645633,""y"":37.983164912370405,""width"":1.0867124784357003,""height"":2.6144097307293706,""rotation"":0,""rectanglelabels"":[""Digit_4""],""original_width"":4032,""original_height"":3024},{""x"":45.21610267645153,""y"":38.26665512413624,""width"":1.1575850313771525,""height"":2.488414081055666,""rotation"":0,""rectanglelabels"":[""Digit_5""],""original_width"":4032,""original_height"":3024},{""x"":44.12939019801582,""y"":38.14065947446254,""width"":1.015839925494241,""height"":2.6144097307293706,""rotation"":0,""rectanglelabels"":[""Digit_6""],""original_width"":4032,""original_height"":3024},{""x"":0.2626970227670753,""y"":20.84063047285464,""width"":99.73730297723293,""height"":56.56742556917689,""rotation"":0,""rectanglelabels"":[""Odometer""],""original_width"":4032,""original_height"":3024}]",96.32600000000001,"2025-05-23T10:03:46.563179Z"
27,"2","2025-05-23T10:05:00.130116Z",27,"/data/upload/2/f5a9e778-dc_odometer_mileage_7VXTEXQ527A88QBY.jpg","[{""x"":29.2941767544934,""y"":45.72931470115274,""width"":3.00804790614459,""height"":3.119457087853654,""rotation"":0,""rectanglelabels"":[""Digit_1""],""original_width"":4128,""original_height"":3096},{""x"":29.405585936202456,""y"":48.997317364618475,""width"":2.952343315290065,""height"":3.4165482390778124,""rotation"":0,""rectanglelabels"":[""Digit_2""],""original_width"":4128,""original_height"":3096},{""x"":29.405585936202456,""y"":52.562411179308356,""width"":2.952343315290065,""height"":2.6738203610174196,""rotation"":0,""rectanglelabels"":[""Digit_3""],""original_width"":4128,""original_height"":3096},{""x"":29.405585936202456,""y"":55.90468663058014,""width"":3.2865708604172426,""height"":3.2680026634657153,""rotation"":0,""rectanglelabels"":[""Digit_4""],""original_width"":4128,""original_height"":3096},{""x"":29.57269970876605,""y"":59.692598808688125,""width"":2.785229542726473,""height"":3.3422754512717816,""rotation"":0,""rectanglelabels"":[""Digit_5""],""original_width"":4128,""original_height"":3096},{""x"":9.457092819614711,""y"":0.3502626970227671,""width"":52.80210157618214,""height"":99.64973730297723,""rotation"":0,""rectanglelabels"":[""Odometer""],""original_width"":4128,""original_height"":3096}]",69.889,"2025-05-23T10:05:00.130116Z"
28,"2","2025-05-23T10:06:12.376133Z",28,"/data/upload/2/8190afc0-dc_odometer_mileage_9HHXGMXZP4JQXJEJ.jpg","[{""x"":49.89787581699346,""y"":64.23100490196079,""width"":3.0228758169934693,""height"":1.746323529411768,""rotation"":0,""rectanglelabels"":[""Digit_1""],""original_width"":2448,""original_height"":3264},{""x"":49.611928104575156,""y"":62.423406862745104,""width"":3.8398692810457575,""height"":1.746323529411761,""rotation"":0,""rectanglelabels"":[""Digit_2""],""original_width"":2448,""original_height"":3264},{""x"":49.775326797385624,""y"":60.830269607843135,""width"":3.267973856209146,""height"":1.5318627450980458,""rotation"":0,""rectanglelabels"":[""Digit_3""],""original_width"":2448,""original_height"":3264},{""x"":49.81617647058823,""y"":59.20649509803921,""width"":3.267973856209146,""height"":1.6850490196078454,""rotation"":0,""rectanglelabels"":[""Digit_4""],""original_width"":2448,""original_height"":3264},{""x"":49.89787581699346,""y"":57.705269607843135,""width"":3.227124183006538,""height"":1.5625,""rotation"":0,""rectanglelabels"":[""Digit_5""],""original_width"":2448,""original_height"":3264},{""x"":34.79276123759486,""y"":18.914185639229423,""width"":40.16345592527729,""height"":81.08581436077057,""rotation"":0,""rectanglelabels"":[""Odometer""],""original_width"":2448,""original_height"":3264}]",71.73,"2025-05-23T10:06:12.376133Z"
29,"2","2025-05-23T10:07:22.123040Z",29,"/data/upload/2/745f6441-dc_odometer_mileage_166FZU2HZTXS1TH7.jpg","[{""x"":44.13807189542484,""y"":53.661151960784316,""width"":1.2663398692810404,""height"":2.2671568627450895,""rotation"":0,""rectanglelabels"":[""Digit_1""],""original_width"":2448,""original_height"":3264},{""x"":42.544934640522875,""y"":53.446691176470594,""width"":1.4705882352941089,""height"":2.0526960784313744,""rotation"":0,""rectanglelabels"":[""Digit_2""],""original_width"":2448,""original_height"":3264},{""x"":41.07434640522876,""y"":52.89522058823529,""width"":1.3888888888888857,""height"":2.389705882352949,""rotation"":0,""rectanglelabels"":[""Digit_3""],""original_width"":2448,""original_height"":3264},{""x"":39.76715686274509,""y"":52.83394607843137,""width"":1.470588235294123,""height"":2.205882352941181,""rotation"":0,""rectanglelabels"":[""Digit_4""],""original_width"":2448,""original_height"":3264},{""x"":37.765522875816984,""y"":52.466299019607845,""width"":1.9199346405228823,""height"":2.3590686274509878,""rotation"":0,""rectanglelabels"":[""Digit_5""],""original_width"":2448,""original_height"":3264},{""x"":4.203152364273205,""y"":26.79509632224168,""width"":74.95621716287215,""height"":38.70402802101577,""rotation"":0,""rectanglelabels"":[""Odometer""],""original_width"":2448,""original_height"":3264}]",69.003,"2025-05-23T10:07:22.124062Z"
30,"2","2025-05-23T10:08:04.226080Z",30,"/data/upload/2/24a8221e-dc_odometer_mileage_51241ZQS7KMUWP0A.jpg","[{""x"":48.3125,""y"":49.15,""width"":2.2750000000000057,""height"":1.70000000000001,""rotation"":0,""rectanglelabels"":[""Digit_1""],""original_width"":4000,""original_height"":3000},{""x"":48.41250000000001,""y"":51.01666666666668,""width"":1.9750000000000014,""height"":1.36666666666666,""rotation"":0,""rectanglelabels"":[""Digit_2""],""original_width"":4000,""original_height"":3000},{""x"":48.5625,""y"":52.58333333333335,""width"":1.9750000000000014,""height"":1.5666666666666487,""rotation"":0,""rectanglelabels"":[""Digit_3""],""original_width"":4000,""original_height"":3000},{""x"":48.5625,""y"":54.35,""width"":1.9249999999999972,""height"":1.6000000000000085,""rotation"":0,""rectanglelabels"":[""Digit_4""],""original_width"":4000,""original_height"":3000},{""x"":48.5625,""y"":56.21666666666667,""width"":2.1000000000000085,""height"":1.2000000000000028,""rotation"":0,""rectanglelabels"":[""Digit_5""],""original_width"":4000,""original_height"":3000},{""x"":48.51250000000001,""y"":57.550000000000004,""width"":2.25,""height"":1.6666666666666714,""rotation"":0,""rectanglelabels"":[""Digit_6""],""original_width"":4000,""original_height"":3000},{""x"":32.83712784588442,""y"":10.85814360770578,""width"":31.129597197898427,""height"":87.74080560420315,""rotation"":0,""rectanglelabels"":[""Odometer""],""original_width"":4000,""original_height"":3000}]",52.738,"2025-05-23T10:08:21.197185Z"
31,"2","2025-05-23T10:09:15.547165Z",31,"/data/upload/2/6568c213-dc_odometer_mileage_B3EA2IVJF5GKJ91A.jpg","[{""x"":55.337500000000006,""y"":76.38333333333334,""width"":1.5,""height"":3.200000000000003,""rotation"":0,""rectanglelabels"":[""Digit_1""],""original_width"":4000,""original_height"":3000},{""x"":53.43750000000001,""y"":76.58333333333334,""width"":1.9249999999999972,""height"":3.433333333333323,""rotation"":0,""rectanglelabels"":[""Digit_2""],""original_width"":4000,""original_height"":3000},{""x"":51.712500000000006,""y"":76.31666666666666,""width"":1.7750000000000057,""height"":3.26666666666668,""rotation"":0,""rectanglelabels"":[""Digit_3""],""original_width"":4000,""original_height"":3000},{""x"":50.1375,""y"":76.05,""width"":1.5750000000000028,""height"":3.700000000000003,""rotation"":0,""rectanglelabels"":[""Digit_4""],""original_width"":4000,""original_height"":3000},{""x"":48.3875,""y"":75.95,""width"":1.625,""height"":3.933333333333337,""rotation"":0,""rectanglelabels"":[""Digit_5""],""original_width"":4000,""original_height"":3000},{""x"":46.48750000000001,""y"":75.88333333333334,""width"":1.9749999999999943,""height"":4.200000000000003,""rotation"":0,""rectanglelabels"":[""Digit_6""],""original_width"":4000,""original_height"":3000},{""x"":1.3134851138353767,""y"":35.90192644483363,""width"":98.68651488616462,""height"":61.646234676007005,""rotation"":0,""rectanglelabels"":[""Odometer""],""original_width"":4000,""original_height"":3000}]",49.797,"2025-05-23T10:09:15.547165Z"
32,"2","2025-05-23T10:22:29.293965Z",32,"/data/upload/2/2b448a43-dc_odometer_mileage_BDBOLYV62AORKMB2.jpg","[{""x"":1.5761821366024518,""y"":13.835376532399298,""width"":88.17863397548162,""height"":69.52714535901927,""rotation"":0,""rectanglelabels"":[""Odometer""],""original_width"":4160,""original_height"":2080}]",792.796,"2025-05-23T10:22:29.293965Z"
33,"2","2025-05-23T10:24:17.217979Z",33,"/data/upload/2/b9081365-dc_odometer_mileage_BYFEXJYN5L3IQCN7.jpg","[{""x"":30.336538461538463,""y"":60.94951923076922,""width"":6.4743589743589745,""height"":2.6923076923077005,""rotation"":0,""rectanglelabels"":[""Digit_1""],""original_width"":3120,""original_height"":4160},{""x"":30.36858974358974,""y"":57.584134615384606,""width"":6.602564102564099,""height"":2.9567307692307665,""rotation"":0,""rectanglelabels"":[""Digit_2""],""original_width"":3120,""original_height"":4160},{""x"":30.432692307692307,""y"":55.03605769230768,""width"":6.602564102564102,""height"":2.47596153846154,""rotation"":0,""rectanglelabels"":[""Digit_3""],""original_width"":3120,""original_height"":4160},{""x"":30.432692307692307,""y"":51.670673076923066,""width"":6.442307692307693,""height"":3.173076923076927,""rotation"":0,""rectanglelabels"":[""Digit_4""],""original_width"":3120,""original_height"":4160},{""x"":30.46474358974359,""y"":50.22836538461538,""width"":6.538461538461533,""height"":1.4423076923076863,""rotation"":0,""rectanglelabels"":[""Digit_5""],""original_width"":3120,""original_height"":4160},{""x"":18.680677174547576,""y"":0.8756567425569177,""width"":75.189725627554,""height"":99.12434325744309,""rotation"":0,""rectanglelabels"":[""Odometer""],""original_width"":3120,""original_height"":4160}]",107.192,"2025-05-23T10:24:17.217979Z"
34,"2","2025-05-23T10:25:07.716335Z",34,"/data/upload/2/2bd3c085-dc_odometer_mileage_DJ164F1WZLM5XKHD.jpg","[{""x"":53.920717592592595,""y"":51.85546875,""width"":1.331018518518512,""height"":1.4322916666666714,""rotation"":0,""rectanglelabels"":[""Digit_1""],""original_width"":3456,""original_height"":4608},{""x"":52.64756944444444,""y"":51.70355902777777,""width"":1.331018518518519,""height"":1.5842013888889,""rotation"":0,""rectanglelabels"":[""Digit_2""],""original_width"":3456,""original_height"":4608},{""x"":51.49016203703704,""y"":51.74696180555556,""width"":1.1574074074074048,""height"":1.4105902777777715,""rotation"":0,""rectanglelabels"":[""Digit_3""],""original_width"":3456,""original_height"":4608},{""x"":49.92766203703703,""y"":51.638454861111114,""width"":1.5335648148148167,""height"":1.6276041666666572,""rotation"":0,""rectanglelabels"":[""Digit_4""],""original_width"":3456,""original_height"":4608},{""x"":48.972800925925924,""y"":51.61675347222223,""width"":0.8969907407407476,""height"":1.6927083333333286,""rotation"":0,""rectanglelabels"":[""Digit_5""],""original_width"":3456,""original_height"":4608},{""x"":47.844328703703695,""y"":51.52994791666667,""width"":0.9548611111111214,""height"":1.6710069444444429,""rotation"":0,""rectanglelabels"":[""Digit_6""],""original_width"":3456,""original_height"":4608},{""x"":2.335084646818447,""y"":38.528896672504374,""width"":96.43899591360187,""height"":35.37653239929948,""rotation"":0,""rectanglelabels"":[""Odometer""],""original_width"":3456,""original_height"":4608}]",49.718,"2025-05-23T10:25:07.716335Z"
35,"2","2025-05-23T10:27:10.496341Z",35,"/data/upload/2/f41c1dbd-dc_odometer_mileage_DUBFNU9NT4G0M5IE.jpg","[{""x"":49.75961538461538,""y"":44.36298076923077,""width"":1.185897435897438,""height"":1.1057692307692335,""rotation"":0,""rectanglelabels"":[""Digit_1""],""original_width"":3120,""original_height"":4160},{""x"":48.38141025641025,""y"":44.45913461538461,""width"":1.250000000000007,""height"":1.4423076923076863,""rotation"":0,""rectanglelabels"":[""Digit_2""],""original_width"":3120,""original_height"":4160},{""x"":46.65064102564102,""y"":44.55528846153845,""width"":1.4423076923076863,""height"":1.298076923076927,""rotation"":0,""rectanglelabels"":[""Digit_3""],""original_width"":3120,""original_height"":4160},{""x"":44.98397435897436,""y"":44.60336538461538,""width"":1.6987179487179418,""height"":1.2980769230769198,""rotation"":0,""rectanglelabels"":[""Digit_4""],""original_width"":3120,""original_height"":4160},{""x"":43.541666666666664,""y"":44.62740384615384,""width"":1.474358974358971,""height"":1.298076923076927,""rotation"":0,""rectanglelabels"":[""Digit_5""],""original_width"":3120,""original_height"":4160},{""x"":42.09935897435897,""y"":44.6514423076923,""width"":1.314102564102562,""height"":1.298076923076934,""rotation"":0,""rectanglelabels"":[""Digit_6""],""original_width"":3120,""original_height"":4160},{""x"":7.939287799182719,""y"":34.50087565674256,""width"":81.4944541739638,""height"":22.94220665499124,""rotation"":0,""rectanglelabels"":[""Odometer""],""original_width"":3120,""original_height"":4160}]",122.302,"2025-05-23T10:27:10.496341Z"
37,"2","2025-05-23T10:28:49.523570Z",37,"/data/upload/2/15c6496d-dc_odometer_mileage_FR3LSFQHIRAP7EAJ.jpg","[{""x"":37.29131847819265,""y"":40.82556491410572,""width"":1.0156254423316113,""height"":0.783991569519138,""rotation"":0,""rectanglelabels"":[""Digit_1""],""original_width"":1920,""original_height"":1440},{""x"":37.21113752221911,""y"":41.538284522759476,""width"":1.0958063983051503,""height"":1.069079412980642,""rotation"":0,""rectanglelabels"":[""Digit_2""],""original_width"":1920,""original_height"":1440},{""x"":37.07750259559652,""y"":42.53609197487474,""width"":1.1759873542787105,""height"":1.1759873542786963,""rotation"":0,""rectanglelabels"":[""Digit_3""],""original_width"":1920,""original_height"":1440},{""x"":37.157683551570074,""y"":43.78335129001882,""width"":1.0958063983051574,""height"":1.0334434325479478,""rotation"":0,""rectanglelabels"":[""Digit_4""],""original_width"":1920,""original_height"":1440},{""x"":37.13095656624556,""y"":44.95933864429752,""width"":1.2027143396032258,""height"":0.9621714716825807,""rotation"":0,""rectanglelabels"":[""Digit_5""],""original_width"":1920,""original_height"":1440},{""x"":37.0240486249475,""y"":46.06405403771084,""width"":1.2828952955767647,""height"":0.8196275499518251,""rotation"":0,""rectanglelabels"":[""Digit_6""],""original_width"":1920,""original_height"":1440},{""x"":29.159369527145362,""y"":19.614711033274958,""width"":16.68126094570928,""height"":49.03677758318739,""rotation"":0,""rectanglelabels"":[""Odometer""],""original_width"":1920,""original_height"":1440}]",83.124,"2025-05-23T10:28:49.523570Z"
38,"2","2025-05-23T10:30:04.090304Z",38,"/data/upload/2/50290afc-dc_odometer_mileage_FT500FGA4F5K3M92.jpg","[{""x"":32.31971153846153,""y"":53.02884615384615,""width"":2.2596153846153797,""height"":2.6282051282051313,""rotation"":0,""rectanglelabels"":[""Digit_1""],""original_width"":4160,""original_height"":3120},{""x"":30.66105769230768,""y"":53.47756410256411,""width"":1.89903846153846,""height"":2.5320512820512775,""rotation"":0,""rectanglelabels"":[""Digit_2""],""original_width"":4160,""original_height"":3120},{""x"":28.23317307692307,""y"":53.95833333333333,""width"":2.5240384615384563,""height"":2.884615384615387,""rotation"":0,""rectanglelabels"":[""Digit_6""],""original_width"":4160,""original_height"":3120},{""x"":26.55048076923076,""y"":54.471153846153854,""width"":2.1153846153846096,""height"":2.499999999999993,""rotation"":0,""rectanglelabels"":[""Digit_4""],""original_width"":4160,""original_height"":3120},{""x"":24.290865384615373,""y"":55.208333333333336,""width"":2.403846153846157,""height"":2.6923076923076934,""rotation"":0,""rectanglelabels"":[""Digit_5""],""original_width"":4160,""original_height"":3120},{""x"":22.56009615384614,""y"":55.72115384615385,""width"":1.7788461538461569,""height"":2.564102564102569,""rotation"":0,""rectanglelabels"":[""Digit_6""],""original_width"":4160,""original_height"":3120},{""x"":10.376532399299476,""y"":16.46234676007005,""width"":85.7705779334501,""height"":68.65148861646234,""rotation"":0,""rectanglelabels"":[""Odometer""],""original_width"":4160,""original_height"":3120}]",74.064,"2025-05-23T10:30:04.090304Z"
39,"2","2025-05-23T10:32:02.589968Z",39,"/data/upload/2/e468b55f-dc_odometer_mileage_HRW4W23R725Z8B4Q.jpg","[{""x"":71.83415032679737,""y"":28.109681372549023,""width"":4.9428104575163445,""height"":2.4203431372549034,""rotation"":0,""rectanglelabels"":[""Digit_1""],""original_width"":2448,""original_height"":3264},{""x"":71.50735294117646,""y"":24.586397058823533,""width"":5.351307189542467,""height"":3.125,""rotation"":0,""rectanglelabels"":[""Digit_2""],""original_width"":2448,""original_height"":3264},{""x"":71.71160130718953,""y"":22.380514705882355,""width"":5.392156862745111,""height"":2.4509803921568682,""rotation"":0,""rectanglelabels"":[""Digit_3""],""original_width"":2448,""original_height"":3264},{""x"":71.9158496732026,""y"":19.68443627450981,""width"":5.473856209150341,""height"":2.879901960784313,""rotation"":0,""rectanglelabels"":[""Digit_4""],""original_width"":2448,""original_height"":3264},{""x"":72.20179738562092,""y"":17.08026960784314,""width"":5.392156862745082,""height"":2.849264705882355,""rotation"":0,""rectanglelabels"":[""Digit_5""],""original_width"":2448,""original_height"":3264},{""x"":49.50379451255108,""y"":0.3502626970227671,""width"":50.49620548744892,""height"":84.23817863397548,""rotation"":0,""rectanglelabels"":[""Odometer""],""original_width"":2448,""original_height"":3264}]",117.994,"2025-05-23T10:32:02.589968Z"
40,"2","2025-05-23T10:34:28.273102Z",40,"/data/upload/2/571f5653-dc_odometer_mileage_IQKUGVLMLECWVW8V.jpg","[{""x"":50.306372549019606,""y"":59.20649509803921,""width"":3.349673202614376,""height"":1.6850490196078525,""rotation"":0,""rectanglelabels"":[""Digit_1""],""original_width"":2448,""original_height"":3264},{""x"":49.407679738562095,""y"":56.84742647058824,""width"":4.125816993464049,""height"":2.0526960784313815,""rotation"":0,""rectanglelabels"":[""Digit_2""],""original_width"":2448,""original_height"":3264},{""x"":49.32598039215686,""y"":54.886642156862756,""width"":4.493464052287585,""height"":1.8995098039215605,""rotation"":0,""rectanglelabels"":[""Digit_3""],""original_width"":2448,""original_height"":3264},{""x"":49.32598039215686,""y"":52.680759803921575,""width"":4.044117647058826,""height"":1.7769607843137152,""rotation"":0,""rectanglelabels"":[""Digit_4""],""original_width"":2448,""original_height"":3264},{""x"":49.20343137254902,""y"":50.199142156862756,""width"":4.166666666666664,""height"":2.3590686274509736,""rotation"":0,""rectanglelabels"":[""Digit_5""],""original_width"":2448,""original_height"":3264},{""x"":48.59068627450981,""y"":47.87071078431372,""width"":4.330065359477125,""height"":2.1752450980392197,""rotation"":0,""rectanglelabels"":[""Digit_6""],""original_width"":2448,""original_height"":3264},{""x"":16.81260945709282,""y"":1.2259194395796849,""width"":63.98131932282544,""height"":97.54816112084063,""rotation"":0,""rectanglelabels"":[""Odometer""],""original_width"":2448,""original_height"":3264}]",153.82899999999998,"2025-05-23T10:34:41.812539Z"
42,"2","2025-05-23T10:44:10.167805Z",41,"/data/upload/2/2f98521a-dc_odometer_mileage_JD1NFC88GCENYJ5C.jpg","[{""x"":76.61858974358974,""y"":45.92548076923077,""width"":0.7692307692307736,""height"":1.177884615384606,""rotation"":0,""rectanglelabels"":[""Digit_1""],""original_width"":3120,""original_height"":4160},{""x"":75.91346153846153,""y"":45.82932692307692,""width"":0.801282051282044,""height"":1.3221153846153868,""rotation"":0,""rectanglelabels"":[""Digit_2""],""original_width"":3120,""original_height"":4160},{""x"":74.98397435897436,""y"":45.75721153846154,""width"":0.865384615384599,""height"":1.249999999999993,""rotation"":0,""rectanglelabels"":[""Digit_3""],""original_width"":3120,""original_height"":4160},{""x"":73.76602564102565,""y"":45.73317307692308,""width"":1.2179487179487154,""height"":1.2980769230769198,""rotation"":0,""rectanglelabels"":[""Digit_4""],""original_width"":3120,""original_height"":4160},{""x"":73.3173076923077,""y"":45.973557692307686,""width"":5.224358974358964,""height"":1.1538461538461604,""rotation"":0,""rectanglelabels"":[""Odometer_dig""],""original_width"":3120,""original_height"":4160},{""x"":22.183304144775246,""y"":32.22416812609457,""width"":64.68184471687097,""height"":22.24168126094571,""rotation"":0,""rectanglelabels"":[""Odometer""],""original_width"":3120,""original_height"":4160}]",69.839,"2025-05-23T10:44:10.167805Z"
43,"2","2025-05-23T10:45:08.459948Z",42,"/data/upload/2/950bbdba-dc_odometer_mileage_JSFZ6UTIJQERRG3W.jpg","[{""x"":34.57924836601307,""y"":78.29350490196077,""width"":5.024509803921568,""height"":2.849264705882348,""rotation"":0,""rectanglelabels"":[""Digit_1""],""original_width"":2448,""original_height"":3264},{""x"":34.70179738562091,""y"":76.27144607843135,""width"":5.065359477124183,""height"":2.297794117647072,""rotation"":0,""rectanglelabels"":[""Digit_2""],""original_width"":2448,""original_height"":3264},{""x"":34.170751633986924,""y"":73.88174019607843,""width"":5.473856209150327,""height"":2.389705882352928,""rotation"":0,""rectanglelabels"":[""Digit_3""],""original_width"":2448,""original_height"":3264},{""x"":34.45669934640523,""y"":71.61458333333331,""width"":5.882352941176464,""height"":2.4203431372549176,""rotation"":0,""rectanglelabels"":[""Digit_4""],""original_width"":2448,""original_height"":3264},{""x"":34.12990196078431,""y"":69.89889705882352,""width"":6.0457516339869315,""height"":1.9914215686274446,""rotation"":0,""rectanglelabels"":[""Digit_5""],""original_width"":2448,""original_height"":3264},{""x"":33.92565359477124,""y"":67.75428921568626,""width"":6.16830065359477,""height"":2.3284313725490193,""rotation"":0,""rectanglelabels"":[""Digit_6""],""original_width"":2448,""original_height"":3264},{""x"":34.45669934640523,""y"":67.50919117647058,""width"":5.147058823529406,""height"":15.104166666666657,""rotation"":0,""rectanglelabels"":[""Odometer_dig""],""original_width"":2448,""original_height"":3264},{""x"":24.75189725627554,""y"":10.683012259194395,""width"":57.209573847051956,""height"":88.2661996497373,""rotation"":0,""rectanglelabels"":[""Odometer""],""original_width"":2448,""original_height"":3264}]",57.799,"2025-05-23T10:45:08.459948Z"
44,"2","2025-05-23T10:46:48.809387Z",43,"/data/upload/2/741cf7b8-dc_odometer_mileage_K44E4CMGVDN75AG0.jpg","[{""x"":58.416666666666664,""y"":34.912499999999994,""width"":1.6999999999999957,""height"":1.7000000000000028,""rotation"":0,""rectanglelabels"":[""Digit_1""],""original_width"":3000,""original_height"":4000},{""x"":56.08333333333333,""y"":33.81249999999999,""width"":1.93333333333333,""height"":2.4750000000000014,""rotation"":0,""rectanglelabels"":[""Digit_2""],""original_width"":3000,""original_height"":4000},{""x"":53.783333333333324,""y"":33.3625,""width"":2.1666666666666785,""height"":2.450000000000003,""rotation"":0,""rectanglelabels"":[""Digit_3""],""original_width"":3000,""original_height"":4000},{""x"":51.416666666666664,""y"":33.06249999999999,""width"":2.36666666666666,""height"":2.6000000000000014,""rotation"":0,""rectanglelabels"":[""Digit_4""],""original_width"":3000,""original_height"":4000},{""x"":49.25,""y"":32.4625,""width"":2.000000000000007,""height"":3.0749999999999957,""rotation"":0,""rectanglelabels"":[""Digit_5""],""original_width"":3000,""original_height"":4000},{""x"":47.21666666666666,""y"":32.1875,""width"":2,""height"":2.575000000000003,""rotation"":0,""rectanglelabels"":[""Digit_6""],""original_width"":3000,""original_height"":4000},{""x"":47.15,""y"":31.887499999999996,""width"":13.400000000000006,""height"":5.899999999999999,""rotation"":0,""rectanglelabels"":[""Odometer_dig""],""original_width"":3000,""original_height"":4000}]",99.766,"2025-05-23T10:46:48.810386Z"
45,"2","2025-05-23T10:49:49.890766Z",44,"/data/upload/2/1caf8f38-dc_odometer_mileage_KXGOCQIFTRF6CLB4.jpg","[{""x"":48.3125,""y"":56.00620567375887,""width"":1.4000000000000057,""height"":2.4822695035460924,""rotation"":0,""rectanglelabels"":[""Digit_1""],""original_width"":4000,""original_height"":2256},{""x"":46.612500000000004,""y"":54.98670212765957,""width"":1.5,""height"":3.058510638297875,""rotation"":0,""rectanglelabels"":[""Digit_2""],""original_width"":4000,""original_height"":2256},{""x"":45.087500000000006,""y"":54.676418439716315,""width"":1.5749999999999957,""height"":3.191489361702125,""rotation"":0,""rectanglelabels"":[""Digit_3""],""original_width"":4000,""original_height"":2256},{""x"":43.5375,""y"":54.410460992907794,""width"":1.3500000000000014,""height"":3.3244680851064032,""rotation"":0,""rectanglelabels"":[""Digit_4""],""original_width"":4000,""original_height"":2256},{""x"":41.7375,""y"":53.83421985815604,""width"":1.6000000000000014,""height"":3.679078014184391,""rotation"":0,""rectanglelabels"":[""Digit_5""],""original_width"":4000,""original_height"":2256},{""x"":40.1625,""y"":53.96719858156028,""width"":1.5749999999999957,""height"":3.191489361702139,""rotation"":0,""rectanglelabels"":[""Digit_6""],""original_width"":4000,""original_height"":2256},{""x"":39.7875,""y"":53.302304964539005,""width"":10.149999999999999,""height"":6.95921985815604,""rotation"":0,""rectanglelabels"":[""Odometer_dig""],""original_width"":4000,""original_height"":2256},{""x"":27.064098073555165,""y"":31.17338003502627,""width"":32.49667250437829,""height"":60.94570928196147,""rotation"":0,""rectanglelabels"":[""Odometer""],""original_width"":4000,""original_height"":2256}]",180.543,"2025-05-23T10:49:49.890766Z"
46,"2","2025-05-23T10:50:40.499769Z",45,"/data/upload/2/2e0f251b-dc_odometer_mileage_M7BYMOKJPGAZS0U8.jpg","[{""x"":45.0125,""y"":57.8888888888889,""width"":1.9500000000000028,""height"":2.44444444444445,""rotation"":0,""rectanglelabels"":[""Odometer""],""original_width"":4000,""original_height"":1800},{""x"":45.06250000000001,""y"":60.83333333333335,""width"":1.8999999999999986,""height"":2.8333333333333357,""rotation"":0,""rectanglelabels"":[""Digit_1""],""original_width"":4000,""original_height"":1800},{""x"":44.96250000000001,""y"":64.05555555555557,""width"":1.875,""height"":2.7222222222222143,""rotation"":0,""rectanglelabels"":[""Digit_2""],""original_width"":4000,""original_height"":1800},{""x"":45.1375,""y"":67.22222222222224,""width"":2.275000000000013,""height"":3.2222222222222143,""rotation"":0,""rectanglelabels"":[""Digit_3""],""original_width"":4000,""original_height"":1800},{""x"":44.83750000000001,""y"":70.61111111111113,""width"":2.2749999999999915,""height"":2.3888888888888857,""rotation"":0,""rectanglelabels"":[""Digit_4""],""original_width"":4000,""original_height"":1800},{""x"":44.76250000000001,""y"":49.11111111111113,""width"":2.8249999999999957,""height"":24.444444444444443,""rotation"":0,""rectanglelabels"":[""Odometer_dig""],""original_width"":4000,""original_height"":1800},{""x"":34.64435146443515,""y"":23.430962343096233,""width"":27.364016736401666,""height"":76.56903765690376,""rotation"":0,""rectanglelabels"":[""Odometer""],""original_width"":4000,""original_height"":1800}]",68.162,"2025-05-23T10:51:05.996130Z"
47,"2","2025-05-23T10:53:26.949379Z",46,"/data/upload/2/44bc795a-dc_odometer_mileage_MFAWRFPZ39VPJZJC.jpg","[{""x"":63.029565952097755,""y"":76.44837412197238,""width"":1.2010907731401375,""height"":2.41622939158016,""rotation"":0,""rectanglelabels"":[""Digit_1""],""original_width"":9248,""original_height"":6936},{""x"":61.954905786656575,""y"":76.53266119377169,""width"":1.0535883974913602,""height"":2.556707844579009,""rotation"":0,""rectanglelabels"":[""Digit_2""],""original_width"":9248,""original_height"":6936},{""x"":61.1963221404628,""y"":76.7855224091696,""width"":0.7585836461937774,""height"":2.275750938581325,""rotation"":0,""rectanglelabels"":[""Digit_3""],""original_width"":9248,""original_height"":6936},{""x"":59.61593954422577,""y"":76.7855224091696,""width"":1.348593148788936,""height"":2.2476552479815695,""rotation"":0,""rectanglelabels"":[""Digit_4""],""original_width"":9248,""original_height"":6936},{""x"":58.54127937878461,""y"":76.7855224091696,""width"":1.1589472372404757,""height"":2.6128992257785626,""rotation"":0,""rectanglelabels"":[""Digit_5""],""original_width"":9248,""original_height"":6936},{""x"":58.3094899313365,""y"":76.7012353373703,""width"":7.12225756704153,""height"":2.6128992257785626,""rotation"":0,""rectanglelabels"":[""Odometer_dig""],""original_width"":9248,""original_height"":6936},{""x"":14.448336252189142,""y"":42.90718038528897,""width"":85.55166374781086,""height"":39.75481611208406,""rotation"":0,""rectanglelabels"":[""Odometer""],""original_width"":9248,""original_height"":6936}]",135.697,"2025-05-23T10:53:26.949379Z"
48,"2","2025-05-23T10:56:05.336435Z",47,"/data/upload/2/2692d5ef-dc_odometer_mileage_MMQCW0V5QJ5ABRWL.jpg","[{""x"":84,""y"":29.54741379310345,""width"":1.6842105263157805,""height"":1.3362068965517224,""rotation"":0,""rectanglelabels"":[""Digit_1""],""original_width"":1900,""original_height"":2320},{""x"":82.6842105263158,""y"":29.719827586206897,""width"":1.6842105263157805,""height"":1.2931034482758648,""rotation"":0,""rectanglelabels"":[""Digit_2""],""original_width"":1900,""original_height"":2320},{""x"":81.47368421052632,""y"":29.849137931034488,""width"":1.4210526315789451,""height"":1.3793103448275836,""rotation"":0,""rectanglelabels"":[""Digit_3""],""original_width"":1900,""original_height"":2320},{""x"":79.89473684210526,""y"":30.280172413793103,""width"":1.8421052631578902,""height"":1.1637931034482776,""rotation"":0,""rectanglelabels"":[""Digit_4""],""original_width"":1900,""original_height"":2320},{""x"":78.57894736842105,""y"":30.668103448275865,""width"":1.8947368421052602,""height"":1.1206896551724128,""rotation"":0,""rectanglelabels"":[""Digit_5""],""original_width"":1900,""original_height"":2320},{""x"":77.63157894736842,""y"":30.797413793103452,""width"":1.473684210526315,""height"":1.37931034482758,""rotation"":0,""rectanglelabels"":[""Digit_6""],""original_width"":1900,""original_height"":2320},{""x"":75.94736842105263,""y"":28.599137931034484,""width"":9.47368421052633,""height"":4.1379310344827545,""rotation"":0,""rectanglelabels"":[""Odometer_dig""],""original_width"":1900,""original_height"":2320}]",157.874,"2025-05-23T10:56:05.336435Z"
49,"2","2025-05-23T10:56:51.396604Z",48,"/data/upload/2/e87c588e-dc_odometer_mileage_N1MKEMJ8BUYI1H7D.jpg","[{""x"":58.521412037037045,""y"":26.09592013888889,""width"":2.980324074074069,""height"":2.34375,""rotation"":0,""rectanglelabels"":[""Digit_1""],""original_width"":3456,""original_height"":4608},{""x"":55.30960648148149,""y"":26.22612847222222,""width"":2.8356481481481524,""height"":2.3871527777777786,""rotation"":0,""rectanglelabels"":[""Digit_2""],""original_width"":3456,""original_height"":4608},{""x"":52.705439814814824,""y"":26.26953125,""width"":2.430555555555557,""height"":2.235243055555557,""rotation"":0,""rectanglelabels"":[""Digit_3""],""original_width"":3456,""original_height"":4608},{""x"":48.91493055555556,""y"":26.443142361111114,""width"":2.9803240740740833,""height"":2.2135416666666643,""rotation"":0,""rectanglelabels"":[""Digit_4""],""original_width"":3456,""original_height"":4608},{""x"":46.42650462962963,""y"":26.551649305555557,""width"":2.401620370370374,""height"":2.3871527777777786,""rotation"":0,""rectanglelabels"":[""Digit_5""],""original_width"":3456,""original_height"":4608},{""x"":45.905671296296305,""y"":26.247829861111114,""width"":15.451388888888893,""height"":2.3654513888888857,""rotation"":0,""rectanglelabels"":[""Odometer_dig""],""original_width"":3456,""original_height"":4608},{""x"":5.604203152364273,""y"":16.81260945709282,""width"":93.63689433741972,""height"":34.150612959719794,""rotation"":0,""rectanglelabels"":[""Odometer""],""original_width"":3456,""original_height"":4608}]",45.534,"2025-05-23T10:56:51.396604Z"
50,"2","2025-05-23T10:57:40.873842Z",49,"/data/upload/2/f51a56f6-dc_odometer_mileage_OV295P06IPVI745N.jpg","[{""x"":53.88170943536217,""y"":41.95059714571803,""width"":1.6112756146786182,""height"":2.2041692391274736,""rotation"":0,""rectanglelabels"":[""Odometer""],""original_width"":3264,""original_height"":2448},{""x"":52.521541708685405,""y"":42.31330853949849,""width"":1.3810933840102564,""height"":2.0646648569042227,""rotation"":0,""rectanglelabels"":[""Digit_1""],""original_width"":3264,""original_height"":2448},{""x"":50.88934043667328,""y"":42.64811905683432,""width"":1.7577552160130594,""height"":2.008863104014914,""rotation"":0,""rectanglelabels"":[""Digit_2""],""original_width"":3264,""original_height"":2448},{""x"":49.52917270999652,""y"":42.927127821280834,""width"":1.485721670677691,""height"":2.2599709920167754,""rotation"":0,""rectanglelabels"":[""Digit_3""],""original_width"":3264,""original_height"":2448},{""x"":47.93882275265138,""y"":43.26193833861665,""width"":1.6949782440125816,""height"":2.2599709920167825,""rotation"":0,""rectanglelabels"":[""Digit_4""],""original_width"":3264,""original_height"":2448},{""x"":46.64143199797508,""y"":43.429343597284564,""width"":1.5484986426781617,""height"":2.3994753742400334,""rotation"":0,""rectanglelabels"":[""Digit_5""],""original_width"":3264,""original_height"":2448},{""x"":46.64143199797508,""y"":41.19727348171243,""width"":8.495816877396408,""height"":5.161662142260546,""rotation"":0,""rectanglelabels"":[""Odometer_dig""],""original_width"":3264,""original_height"":2448},{""x"":7.4868651488616464,""y"":11.908931698774081,""width"":84.85113835376532,""height"":57.968476357267946,""rotation"":0,""rectanglelabels"":[""Odometer""],""original_width"":3264,""original_height"":2448}]",48.99,"2025-05-23T10:57:40.873842Z"
51,"2","2025-05-23T10:58:32.959175Z",50,"/data/upload/2/4c93ae37-dc_odometer_mileage_PGKQCAGE0Z28JKBS.jpg","[{""x"":53.81250000000001,""y"":57.22222222222224,""width"":1.17499999999999,""height"":4.444444444444436,""rotation"":0,""rectanglelabels"":[""Digit_1""],""original_width"":4000,""original_height"":1800},{""x"":52.66250000000001,""y"":56.611111111111136,""width"":1.1749999999999972,""height"":4.944444444444436,""rotation"":0,""rectanglelabels"":[""Digit_2""],""original_width"":4000,""original_height"":1800},{""x"":51.48750000000001,""y"":56.8888888888889,""width"":1.2749999999999986,""height"":4.2777777777777715,""rotation"":0,""rectanglelabels"":[""Digit_3""],""original_width"":4000,""original_height"":1800},{""x"":50.36250000000001,""y"":56.11111111111112,""width"":1.1500000000000057,""height"":5.611111111111121,""rotation"":0,""rectanglelabels"":[""Digit_4""],""original_width"":4000,""original_height"":1800},{""x"":49.11250000000001,""y"":56.166666666666686,""width"":1.2250000000000014,""height"":4.833333333333336,""rotation"":0,""rectanglelabels"":[""Digit_5""],""original_width"":4000,""original_height"":1800},{""x"":48.712500000000006,""y"":56.166666666666686,""width"":6.4750000000000085,""height"":5.611111111111114,""rotation"":0,""rectanglelabels"":[""Odometer_dig""],""original_width"":4000,""original_height"":1800},{""x"":4.602510460251046,""y"":0.5578800557880056,""width"":91.54811715481173,""height"":80.3347280334728,""rotation"":0,""rectanglelabels"":[""Odometer""],""original_width"":4000,""original_height"":1800}]",51.492,"2025-05-23T10:58:32.959175Z"
52,"2","2025-05-23T10:59:48.584155Z",51,"/data/upload/2/bb5b54cb-dc_odometer_mileage_PVO75QO70KTL2NFT.jpg","[{""x"":41.64624183006536,""y"":70.45036764705883,""width"":3.4313725490196134,""height"":1.1335784313725554,""rotation"":0,""rectanglelabels"":[""Digit_1""],""original_width"":2448,""original_height"":3264},{""x"":41.52369281045751,""y"":69.28615196078431,""width"":3.4313725490196063,""height"":1.1948529411764923,""rotation"":0,""rectanglelabels"":[""Digit_2""],""original_width"":2448,""original_height"":3264},{""x"":41.768790849673195,""y"":68.30575980392157,""width"":3.1454248366013076,""height"":0.9191176470588118,""rotation"":0,""rectanglelabels"":[""Digit_3""],""original_width"":2448,""original_height"":3264},{""x"":41.52369281045751,""y"":67.14154411764707,""width"":3.594771241830067,""height"":0.9191176470588118,""rotation"":0,""rectanglelabels"":[""Digit_4""],""original_width"":2448,""original_height"":3264},{""x"":41.64624183006536,""y"":65.73223039215688,""width"":3.5130718954248366,""height"":1.286764705882348,""rotation"":0,""rectanglelabels"":[""Digit_5""],""original_width"":2448,""original_height"":3264},{""x"":42.136437908496724,""y"":65.36458333333334,""width"":3.1045751633986995,""height"":8.762254901960787,""rotation"":0,""rectanglelabels"":[""Odometer_dig""],""original_width"":2448,""original_height"":3264},{""x"":21.24927028604787,""y"":11.908931698774081,""width"":62.81377699941622,""height"":88.09106830122592,""rotation"":0,""rectanglelabels"":[""Odometer""],""original_width"":2448,""original_height"":3264}]",75.062,"2025-05-23T10:59:48.584155Z"
53,"2","2025-05-23T11:02:52.741856Z",52,"/data/upload/2/f307042a-dc_odometer_mileage_QCV0NN6YDAPCYE0T.jpg","[{""x"":30.4875,""y"":42.35,""width"":1.5,""height"":2,""rotation"":0,""rectanglelabels"":[""Digit_1""],""original_width"":4000,""original_height"":3000},{""x"":30.412499999999998,""y"":44.68333333333334,""width"":1.6249999999999964,""height"":1.7333333333333343,""rotation"":0,""rectanglelabels"":[""Digit_2""],""original_width"":4000,""original_height"":3000},{""x"":30.2625,""y"":46.95000000000001,""width"":1.8499999999999979,""height"":1.86666666666666,""rotation"":0,""rectanglelabels"":[""Digit_3""],""original_width"":4000,""original_height"":3000},{""x"":30.362500000000004,""y"":49.18333333333334,""width"":1.9249999999999972,""height"":1.7999999999999972,""rotation"":0,""rectanglelabels"":[""Digit_4""],""original_width"":4000,""original_height"":3000},{""x"":30.337500000000002,""y"":51.38333333333334,""width"":1.899999999999995,""height"":1.9666666666666686,""rotation"":0,""rectanglelabels"":[""Digit_5""],""original_width"":4000,""original_height"":3000},{""x"":30.2875,""y"":53.48333333333334,""width"":2.0749999999999957,""height"":1.8666666666666671,""rotation"":0,""rectanglelabels"":[""Digit_6""],""original_width"":4000,""original_height"":3000},{""x"":27.962500000000002,""y"":41.650000000000006,""width"":4.774999999999995,""height"":14.100000000000009,""rotation"":0,""rectanglelabels"":[""Odometer_dig""],""original_width"":4000,""original_height"":3000},{""x"":15.630472854640981,""y"":0.3502626970227671,""width"":32.83712784588441,""height"":98.42381786339755,""rotation"":0,""rectanglelabels"":[""Odometer""],""original_width"":4000,""original_height"":3000}]",183.278,"2025-05-23T11:02:52.741856Z"
54,"2","2025-05-23T11:03:47.673524Z",53,"/data/upload/2/6e10b7eb-dc_odometer_mileage_R5B5I6R1UUKZU7XX.jpg","[{""x"":47.68749764169305,""y"":34.970978495584056,""width"":1.1045235073648385,""height"":0.9552635739371524,""rotation"":0,""rectanglelabels"":[""Digit_1""],""original_width"":4160,""original_height"":3120},{""x"":47.597941681636435,""y"":36.04565001626335,""width"":1.2836354274780675,""height"":0.9950662228512144,""rotation"":0,""rectanglelabels"":[""Digit_2""],""original_width"":4160,""original_height"":3120},{""x"":47.597941681636435,""y"":37.160124185856716,""width"":1.2537834407925246,""height"":0.8159543027379925,""rotation"":0,""rectanglelabels"":[""Digit_3""],""original_width"":4160,""original_height"":3120},{""x"":47.702423635035814,""y"":38.234795706536026,""width"":1.2388574474497602,""height"":1.014967547308224,""rotation"":0,""rectanglelabels"":[""Digit_4""],""original_width"":4160,""original_height"":3120},{""x"":47.76212760840689,""y"":39.36917120058639,""width"":1.1940794674214459,""height"":0.9154609250231189,""rotation"":0,""rectanglelabels"":[""Digit_5""],""original_width"":4160,""original_height"":3120},{""x"":47.553163701608135,""y"":34.27443213958821,""width"":1.4627473475912751,""height"":6.089805283849401,""rotation"":0,""rectanglelabels"":[""Odometer_dig""],""original_width"":4160,""original_height"":3120},{""x"":37.993371061353855,""y"":31.90791854221246,""width"":16.480241473366483,""height"":52.499930921143516,""rotation"":0,""rectanglelabels"":[""Odometer""],""original_width"":4160,""original_height"":3120}]",54.061,"2025-05-23T11:03:47.673524Z"
55,"2","2025-05-23T11:07:08.141410Z",54,"/data/upload/2/9fbc99c8-dc_odometer_mileage_RJQHP7YRQL0BLGR9.jpg","[{""x"":50.07158033790539,""y"":45.2287936050623,""width"":1.7272727272727337,""height"":2.2222222222222285,""rotation"":0,""rectanglelabels"":[""Digit_1""],""original_width"":4000,""original_height"":1800},{""x"":50.117034883359935,""y"":48.36010673637544,""width"":1.681818181818187,""height"":2.2222222222222143,""rotation"":0,""rectanglelabels"":[""Digit_2""],""original_width"":4000,""original_height"":1800},{""x"":50.27612579245084,""y"":51.541924918193615,""width"":1.6590909090909136,""height"":2.525252525252533,""rotation"":0,""rectanglelabels"":[""Digit_3""],""original_width"":4000,""original_height"":1800},{""x"":50.27612579245084,""y"":54.4207127969815,""width"":1.6818181818181728,""height"":2.7777777777777786,""rotation"":0,""rectanglelabels"":[""Digit_4""],""original_width"":4000,""original_height"":1800},{""x"":50.13976215608721,""y"":57.40051077677947,""width"":1.6363636363636331,""height"":2.575757575757585,""rotation"":0,""rectanglelabels"":[""Digit_5""],""original_width"":4000,""original_height"":1800},{""x"":50.32158033790539,""y"":60.531823908092605,""width"":1.3409090909090935,""height"":2.474747474747474,""rotation"":0,""rectanglelabels"":[""Digit_6""],""original_width"":4000,""original_height"":1800},{""x"":49.58044397426904,""y"":40.40193410093007,""width"":3.0249999999999986,""height"":26.03333333333334,""rotation"":0,""rectanglelabels"":[""Odometer_dig""],""original_width"":4000,""original_height"":1800},{""x"":39.23035470901254,""y"":13.599856299124347,""width"":29.03046248466928,""height"":76.01970956946431,""rotation"":0,""rectanglelabels"":[""Odometer""],""original_width"":4000,""original_height"":1800}]",199.867,"2025-05-23T11:07:08.141410Z"
56,"2","2025-05-23T11:08:22.233202Z",55,"/data/upload/2/4d7a00c6-dc_odometer_mileage_SN7VQDB9QC1UT1BM.jpg","[{""x"":55.52512886597937,""y"":41.63981958762886,""width"":1.2242268041237168,""height"":1.6752577319587658,""rotation"":0,""rectanglelabels"":[""Digit_1""],""original_width"":3104,""original_height"":3104},{""x"":54.172036082474214,""y"":41.575386597938135,""width"":1.4175257731958837,""height"":1.8041237113402104,""rotation"":0,""rectanglelabels"":[""Digit_2""],""original_width"":3104,""original_height"":3104},{""x"":52.88337628865979,""y"":41.63981958762886,""width"":1.3853092783505119,""height"":1.8041237113402104,""rotation"":0,""rectanglelabels"":[""Digit_3""],""original_width"":3104,""original_height"":3104},{""x"":51.723582474226795,""y"":41.897551546391746,""width"":1.2242268041237168,""height"":1.7719072164948457,""rotation"":0,""rectanglelabels"":[""Digit_4""],""original_width"":3104,""original_height"":3104},{""x"":50.62822164948454,""y"":41.833118556701024,""width"":1.0631443298968932,""height"":2.029639175257735,""rotation"":0,""rectanglelabels"":[""Digit_5""],""original_width"":3104,""original_height"":3104},{""x"":49.56507731958762,""y"":41.800902061855666,""width"":1.0631443298969145,""height"":2.1585051546391725,""rotation"":0,""rectanglelabels"":[""Digit_6""],""original_width"":3104,""original_height"":3104},{""x"":48.856314432989684,""y"":41.6076030927835,""width"":10.244845360824748,""height"":2.384020618556697,""rotation"":0,""rectanglelabels"":[""Odometer_dig""],""original_width"":3104,""original_height"":3104},{""x"":24.358117722622087,""y"":23.520925882117695,""width"":56.66974798601808,""height"":25.97996489439435,""rotation"":0,""rectanglelabels"":[""Odometer""],""original_width"":3104,""original_height"":3104}]",73.581,"2025-05-23T11:08:22.233202Z"
58,"2","2025-05-23T11:09:31.791009Z",57,"/data/upload/2/43a2f004-dc_odometer_mileage_TT82RE50ZAFBUV52.jpg","[{""x"":34.757533405567195,""y"":46.86759421963643,""width"":1.6609645391832402,""height"":1.262540023553612,""rotation"":0,""rectanglelabels"":[""Digit_1""],""original_width"":4000,""original_height"":3000},{""x"":34.77305643864367,""y"":48.31641064010779,""width"":1.3815499438066254,""height"":1.3660269107301417,""rotation"":0,""rectanglelabels"":[""Digit_2""],""original_width"":4000,""original_height"":3000},{""x"":34.63334914095537,""y"":49.91010870262628,""width"":1.5523033076478896,""height"":1.3453295332948443,""rotation"":0,""rectanglelabels"":[""Digit_3""],""original_width"":4000,""original_height"":3000},{""x"":34.74201037249071,""y"":51.42101725540357,""width"":1.3349808445771885,""height"":1.4695137979066573,""rotation"":0,""rectanglelabels"":[""Digit_4""],""original_width"":4000,""original_height"":3000},{""x"":34.78857947172015,""y"":52.99401794048675,""width"":1.4591651091890228,""height"":1.3867242881654533,""rotation"":0,""rectanglelabels"":[""Digit_5""],""original_width"":4000,""original_height"":3000},{""x"":34.78857947172015,""y"":54.546321248134646,""width"":1.3970729768831092,""height"":1.3867242881654391,""rotation"":0,""rectanglelabels"":[""Digit_6""],""original_width"":4000,""original_height"":3000},{""x"":34.400503644808175,""y"":46.557133558106855,""width"":2.080086432248173,""height"":9.54149099767568,""rotation"":0,""rectanglelabels"":[""Odometer_dig""],""original_width"":4000,""original_height"":3000},{""x"":20.621716287215413,""y"":11.208406304728546,""width"":26.40105078809107,""height"":76.88266199649738,""rotation"":0,""rectanglelabels"":[""Odometer""],""original_width"":4000,""original_height"":3000}]",54.912,"2025-05-23T11:09:31.791009Z"
59,"2","2025-05-23T11:10:29.341671Z",58,"/data/upload/2/c2f3282b-dc_odometer_mileage_U4S10PBV0P9XCLVR.jpg","[{""x"":67.44549737454295,""y"":50.305296151653245,""width"":1.3363492662257954,""height"":2.6412550203051097,""rotation"":0,""rectanglelabels"":[""Digit_1""],""original_width"":3264,""original_height"":2448},{""x"":66.0148175718777,""y"":50.26337146879126,""width"":1.2420187297863094,""height"":2.620292678874115,""rotation"":0,""rectanglelabels"":[""Digit_2""],""original_width"":3264,""original_height"":2448},{""x"":64.69419006172514,""y"":50.26337146879126,""width"":1.320627510152562,""height"":2.8089537517530516,""rotation"":0,""rectanglelabels"":[""Digit_3""],""original_width"":3264,""original_height"":2448},{""x"":63.42072781979232,""y"":50.22144678592928,""width"":1.2891839980060666,""height"":2.662217361736097,""rotation"":0,""rectanglelabels"":[""Digit_4""],""original_width"":3264,""original_height"":2448},{""x"":62.210152602152476,""y"":50.38914551737721,""width"":1.1948534615665949,""height"":2.6202926788741294,""rotation"":0,""rectanglelabels"":[""Digit_5""],""original_width"":3264,""original_height"":2448},{""x"":61.722778163881884,""y"":50.22144678592928,""width"":8.316808962746435,""height"":2.871840776046021,""rotation"":0,""rectanglelabels"":[""Odometer_dig""],""original_width"":3264,""original_height"":2448},{""x"":31.91768826619965,""y"":31.17338003502627,""width"":50.30647985989492,""height"":31.873905429071797,""rotation"":0,""rectanglelabels"":[""Odometer""],""original_width"":3264,""original_height"":2448}]",57.03,"2025-05-23T11:10:29.341671Z"
60,"2","2025-05-23T11:12:16.117450Z",59,"/data/upload/2/9acc2567-dc_odometer_mileage_V2OXDGNGYLKJJB75.jpg","[{""x"":51.61356209150326,""y"":40.977328431372555,""width"":3.4313725490196063,""height"":4.044117647058819,""rotation"":0,""rectanglelabels"":[""Digit_1""],""original_width"":2448,""original_height"":3264},{""x"":47.69199346405229,""y"":40.79350490196079,""width"":3.799019607843128,""height"":4.28921568627451,""rotation"":0,""rectanglelabels"":[""Digit_2""],""original_width"":2448,""original_height"":3264},{""x"":44.17892156862745,""y"":40.73223039215687,""width"":3.4313725490196134,""height"":3.6151960784313673,""rotation"":0,""rectanglelabels"":[""Digit_3""],""original_width"":2448,""original_height"":3264},{""x"":40.87009803921568,""y"":40.180759803921575,""width"":3.1454248366013076,""height"":4.136029411764703,""rotation"":0,""rectanglelabels"":[""Digit_4""],""original_width"":2448,""original_height"":3264},{""x"":36.29493464052288,""y"":40.11948529411765,""width"":3.5947712418300526,""height"":4.13602941176471,""rotation"":0,""rectanglelabels"":[""Digit_5""],""original_width"":2448,""original_height"":3264},{""x"":34.12990196078431,""y"":40.08884803921569,""width"":2.124183006535951,""height"":3.860294117647058,""rotation"":0,""rectanglelabels"":[""Digit_6""],""original_width"":2448,""original_height"":3264},{""x"":33.803104575163395,""y"":39.99693627450981,""width"":24.509803921568626,""height"":5.514705882352942,""rotation"":0,""rectanglelabels"":[""Odometer""],""original_width"":2448,""original_height"":3264},{""x"":0,""y"":1.926444833625219,""width"":84.99708114419148,""height"":72.15411558669001,""rotation"":0,""rectanglelabels"":[""Odometer""],""original_width"":2448,""original_height"":3264}]",106.265,"2025-05-23T11:12:16.117450Z"
61,"2","2025-05-23T11:15:38.526021Z",60,"/data/upload/2/b66bbe47-dc_odometer_mileage_W1KYUSLY8NSMNCJO.jpg","[{""x"":52.09635416666666,""y"":56.14257812500001,""width"":2.0572916666666714,""height"":0.87890625,""rotation"":0,""rectanglelabels"":[""Digit_1""],""original_width"":3840,""original_height"":5120},{""x"":51.992187499999986,""y"":55.24414062500001,""width"":2.2395833333333286,""height"":0.8203124999999858,""rotation"":0,""rectanglelabels"":[""Digit_2""],""original_width"":3840,""original_height"":5120},{""x"":52.09635416666666,""y"":54.46289062500001,""width"":1.9791666666666643,""height"":0.7421874999999858,""rotation"":0,""rectanglelabels"":[""Digit_3""],""original_width"":3840,""original_height"":5120},{""x"":52.17447916666666,""y"":53.271484375,""width"":2.0833333333333357,""height"":0.8984375000000071,""rotation"":0,""rectanglelabels"":[""Digit_4""],""original_width"":3840,""original_height"":5120},{""x"":52.12239583333332,""y"":52.33398437500001,""width"":2.1354166666666714,""height"":0.8984374999999858,""rotation"":0,""rectanglelabels"":[""Digit_5""],""original_width"":3840,""original_height"":5120},{""x"":51.966145833333336,""y"":52.08007812499999,""width"":2.291666666666657,""height"":5.917968750000014,""rotation"":0,""rectanglelabels"":[""Odometer_dig""],""original_width"":3840,""original_height"":5120},{""x"":19.614711033274958,""y"":10.157618213660244,""width"":52.539404553415054,""height"":88.61646234676007,""rotation"":0,""rectanglelabels"":[""Odometer""],""original_width"":3840,""original_height"":5120}]",201.879,"2025-05-23T11:15:38.526021Z"
62,"2","2025-05-23T11:16:56.771662Z",61,"/data/upload/2/c46f8475-dc_odometer_mileage_W8ECFI1ZE5K5HQBY.jpg","[{""x"":19.158496732026144,""y"":58.90012254901962,""width"":3.5539215686274517,""height"":1.9301470588235148,""rotation"":0,""rectanglelabels"":[""Digit_1""],""original_width"":2448,""original_height"":3264},{""x"":18.75,""y"":56.47977941176471,""width"":4.125816993464049,""height"":2.022058823529406,""rotation"":0,""rectanglelabels"":[""Digit_2""],""original_width"":2448,""original_height"":3264},{""x"":18.790849673202615,""y"":54.54963235294118,""width"":4.0441176470588225,""height"":1.8688725490196063,""rotation"":0,""rectanglelabels"":[""Digit_3""],""original_width"":2448,""original_height"":3264},{""x"":18.627450980392155,""y"":52.313112745098046,""width"":4.330065359477125,""height"":2.0833333333333215,""rotation"":0,""rectanglelabels"":[""Digit_4""],""original_width"":2448,""original_height"":3264},{""x"":18.586601307189543,""y"":50.35232843137255,""width"":4.2483660130718945,""height"":1.930147058823529,""rotation"":0,""rectanglelabels"":[""Digit_5""],""original_width"":2448,""original_height"":3264},{""x"":18.70915032679738,""y"":48.29963235294118,""width"":4.207516339869283,""height"":1.8995098039215748,""rotation"":0,""rectanglelabels"":[""Digit_6""],""original_width"":2448,""original_height"":3264},{""x"":18.545751633986928,""y"":47.99325980392157,""width"":4.003267973856211,""height"":15.257352941176478,""rotation"":0,""rectanglelabels"":[""Odometer_dig""],""original_width"":2448,""original_height"":3264},{""x"":7.93928779918272,""y"":1.0507880910683012,""width"":81.02743724460011,""height"":98.24868651488616,""rotation"":0,""rectanglelabels"":[""Odometer""],""original_width"":2448,""original_height"":3264}]",77.743,"2025-05-23T11:16:56.771662Z"
63,"2","2025-05-23T11:17:59.656013Z",62,"/data/upload/2/f66d5d7c-dc_odometer_mileage_WIJ7IVQZ1QYS4DJP.jpg","[{""x"":63.12943354243258,""y"":52.66221673682826,""width"":1.388117380877432,""height"":3.565249466752256,""rotation"":0,""rectanglelabels"":[""Digit_1""],""original_width"":4160,""original_height"":1968},{""x"":61.69653818152684,""y"":52.50446233564454,""width"":1.2836354274780533,""height"":3.533698586515513,""rotation"":0,""rectanglelabels"":[""Digit_2""],""original_width"":4160,""original_height"":1968},{""x"":60.0248269271368,""y"":52.22050441351382,""width"":1.4776733409340608,""height"":3.6283512272257568,""rotation"":0,""rectanglelabels"":[""Digit_3""],""original_width"":4160,""original_height"":1968},{""x"":58.5770055728883,""y"":52.03119913209334,""width"":1.343339400849132,""height"":3.4390459458052973,""rotation"":0,""rectanglelabels"":[""Digit_4""],""original_width"":4160,""original_height"":1968},{""x"":57.09933223195425,""y"":51.936546491383105,""width"":1.2985614208208318,""height"":3.2497406643848166,""rotation"":0,""rectanglelabels"":[""Digit_5""],""original_width"":4160,""original_height"":1968},{""x"":55.517176937620825,""y"":51.715690329725895,""width"":1.4328953609057393,""height"":3.344393305095039,""rotation"":0,""rectanglelabels"":[""Digit_6""],""original_width"":4160,""original_height"":1968},{""x"":55.18880508407993,""y"":51.21087624593797,""width"":12.418426461183088,""height"":5.710709322850967,""rotation"":0,""rectanglelabels"":[""Odometer_dig""],""original_width"":4160,""original_height"":1968},{""x"":6.949625595643294,""y"":13.097345132743362,""width"":92.60585432266846,""height"":78.23008849557523,""rotation"":0,""rectanglelabels"":[""Odometer""],""original_width"":4160,""original_height"":1968}]",62.267,"2025-05-23T11:17:59.656013Z"
64,"2","2025-05-23T11:18:45.336001Z",63,"/data/upload/2/9722c313-dc_odometer_mileage_WZEFPX2SR0GGD8SE.jpg","[{""x"":53.6378205128205,""y"":48.810096153846146,""width"":1.923076923076934,""height"":1.7067307692307736,""rotation"":0,""rectanglelabels"":[""Digit_1""],""original_width"":3120,""original_height"":4160},{""x"":52.16346153846153,""y"":48.73798076923077,""width"":1.3782051282051313,""height"":1.7067307692307736,""rotation"":0,""rectanglelabels"":[""Digit_2""],""original_width"":3120,""original_height"":4160},{""x"":50.080128205128204,""y"":48.56971153846153,""width"":1.987179487179482,""height"":1.7307692307692406,""rotation"":0,""rectanglelabels"":[""Digit_3""],""original_width"":3120,""original_height"":4160},{""x"":48.54166666666666,""y"":48.73798076923077,""width"":1.474358974358985,""height"":1.3701923076923137,""rotation"":0,""rectanglelabels"":[""Digit_4""],""original_width"":3120,""original_height"":4160},{""x"":46.39423076923077,""y"":48.37740384615385,""width"":1.8589743589743577,""height"":1.6586538461538396,""rotation"":0,""rectanglelabels"":[""Digit_5""],""original_width"":3120,""original_height"":4160},{""x"":45.11217948717948,""y"":48.35336538461538,""width"":1.3461538461538396,""height"":1.514423076923073,""rotation"":0,""rectanglelabels"":[""Digit_6""],""original_width"":3120,""original_height"":4160},{""x"":44.7275641025641,""y"":48.06490384615385,""width"":12.596153846153832,""height"":2.764423076923073,""rotation"":0,""rectanglelabels"":[""Odometer_dig""],""original_width"":3120,""original_height"":4160},{""x"":3.50262697022767,""y"":30.122591943957964,""width"":92.46935201401051,""height"":44.308231173380044,""rotation"":0,""rectanglelabels"":[""Odometer""],""original_width"":3120,""original_height"":4160}]",45.157,"2025-05-23T11:18:45.336001Z"
66,"2","2025-05-23T11:19:47.030272Z",65,"/data/upload/2/e4b3bccd-dc_odometer_mileage_YQ4ZL3PVXES408TX.jpg","[{""x"":48.8766339869281,""y"":61.10600490196079,""width"":2.0833333333333357,""height"":1.0723039215686185,""rotation"":0,""rectanglelabels"":[""Digit_1""],""original_width"":2448,""original_height"":3264},{""x"":49.04003267973856,""y"":59.267769607843135,""width"":2.165032679738559,""height"":1.7463235294117752,""rotation"":0,""rectanglelabels"":[""Digit_2""],""original_width"":2448,""original_height"":3264},{""x"":48.50898692810458,""y"":58.37928921568627,""width"":2.0424836601307135,""height"":0.827205882352942,""rotation"":0,""rectanglelabels"":[""Digit_3""],""original_width"":2448,""original_height"":3264},{""x"":48.3047385620915,""y"":56.694240196078425,""width"":2.49183006535948,""height"":1.470588235294123,""rotation"":0,""rectanglelabels"":[""Digit_4""],""original_width"":2448,""original_height"":3264},{""x"":48.26388888888888,""y"":55.438112745098046,""width"":2.4101307189542567,""height"":1.3174019607843022,""rotation"":0,""rectanglelabels"":[""Digit_5""],""original_width"":2448,""original_height"":3264},{""x"":48.345588235294116,""y"":54.3045343137255,""width"":2.4509803921568647,""height"":1.0416666666666572,""rotation"":0,""rectanglelabels"":[""Digit_6""],""original_width"":2448,""original_height"":3264},{""x"":48.100490196078425,""y"":53.875612745098046,""width"":3.1454248366013076,""height"":8.609068627450974,""rotation"":0,""rectanglelabels"":[""Odometer_dig""],""original_width"":2448,""original_height"":3264},{""x"":28.7215411558669,""y"":23.992994746059544,""width"":41.56450671336836,""height"":67.42556917688268,""rotation"":0,""rectanglelabels"":[""Odometer""],""original_width"":2448,""original_height"":3264}]",57.606,"2025-05-23T11:19:47.030272Z"
67,"2","2025-05-23T11:20:40.864639Z",66,"/data/upload/2/6fb788d6-dc_odometer_mileage_Z982R2LX39UEALOM.jpg","[{""x"":81.60962301587303,""y"":65.36044973544975,""width"":1.6121031746031917,""height"":2.5462962962962905,""rotation"":0,""rectanglelabels"":[""Digit_1""],""original_width"":4032,""original_height"":3024},{""x"":80.0967261904762,""y"":65.42658730158732,""width"":1.3888888888889,""height"":2.3148148148147953,""rotation"":0,""rectanglelabels"":[""Digit_2""],""original_width"":4032,""original_height"":3024},{""x"":78.38541666666667,""y"":65.22817460317462,""width"":1.5625000000000142,""height"":2.7447089947089864,""rotation"":0,""rectanglelabels"":[""Digit_3""],""original_width"":4032,""original_height"":3024},{""x"":76.89732142857144,""y"":65.36044973544975,""width"":1.2896825396825449,""height"":2.8439153439153273,""rotation"":0,""rectanglelabels"":[""Digit_4""],""original_width"":4032,""original_height"":3024},{""x"":75.21081349206351,""y"":65.55886243386244,""width"":1.5873015873015959,""height"":2.5793650793650613,""rotation"":0,""rectanglelabels"":[""Digit_5""],""original_width"":4032,""original_height"":3024},{""x"":72.55704365079367,""y"":63.83928571428572,""width"":13.640873015873012,""height"":4.133597883597886,""rotation"":0,""rectanglelabels"":[""Odometer_dig""],""original_width"":4032,""original_height"":3024}]",53.272,"2025-05-23T11:20:40.864639Z"
68,"2","2025-05-23T11:21:34.991778Z",67,"/data/upload/2/32606368-dc_odometer_mileage_ZJV86BIEW8ASAC30.jpg","[{""x"":31.027394232819073,""y"":48.458602593277924,""width"":2.7861854239833868,""height"":1.268709434135289,""rotation"":0,""rectanglelabels"":[""Digit_1""],""original_width"":3120,""original_height"":4160},{""x"":30.788578339334784,""y"":47.070485212400484,""width"":3.104606615295772,""height"":1.3881173808774392,""rotation"":0,""rectanglelabels"":[""Digit_2""],""original_width"":3120,""original_height"":4160},{""x"":30.848282312705855,""y"":45.81670177160795,""width"":2.945396019639581,""height"":1.268709434135296,""rotation"":0,""rectanglelabels"":[""Digit_3""],""original_width"":3120,""original_height"":4160},{""x"":30.82838098824883,""y"":44.42858439073053,""width"":2.985198668553629,""height"":1.3582653941919034,""rotation"":0,""rectanglelabels"":[""Digit_4""],""original_width"":3120,""original_height"":4160},{""x"":30.98759158390503,""y"":43.18972694328077,""width"":2.7065801261552807,""height"":1.2090054607642173,""rotation"":0,""rectanglelabels"":[""Digit_5""],""original_width"":3120,""original_height"":4160},{""x"":30.930156361522055,""y"":42.959466357798846,""width"":2.807798262343713,""height"":8.105530832803566,""rotation"":0,""rectanglelabels"":[""Odometer_dig""],""original_width"":3120,""original_height"":4160},{""x"":28.48803269118505,""y"":11.908931698774081,""width"":42.96555750145943,""height"":69.52714535901926,""rotation"":0,""rectanglelabels"":[""Odometer""],""original_width"":3120,""original_height"":4160}]",53.614,"2025-05-23T11:21:34.991778Z"
69,"2","2025-05-23T11:23:13.616407Z",68,"/data/upload/2/47a2f2d0-dc_odometer_mileage_ZU4ZI10BYV3EGEYV.jpg","[{""x"":56.60276818420429,""y"":50.34900612748802,""width"":1.729872617819133,""height"":1.7996255459569923,""rotation"":0,""rectanglelabels"":[""Digit_1""],""original_width"":3120,""original_height"":4160},{""x"":55.368141356164024,""y"":50.51118168540856,""width"":1.834502010025929,""height"":1.9094864077741391,""rotation"":0,""rectanglelabels"":[""Digit_2""],""original_width"":3120,""original_height"":4160},{""x"":54.14746511375132,""y"":50.79891251397727,""width"":1.9670325734878844,""height"":1.9618011038775336,""rotation"":0,""rectanglelabels"":[""Digit_3""],""original_width"":3120,""original_height"":4160},{""x"":52.93376416415242,""y"":50.99770835917018,""width"":1.9321561094189477,""height"":2.0402731480326537,""rotation"":0,""rectanglelabels"":[""Digit_4""],""original_width"":3120,""original_height"":4160},{""x"":52.73845596536639,""y"":50.12405293424338,""width"":6.849737543138659,""height"":2.8616138768560475,""rotation"":0,""rectanglelabels"":[""Odometer_dig""],""original_width"":3120,""original_height"":4160},{""x"":10.507880910683012,""y"":20.140105078809107,""width"":88.26619964973729,""height"":42.20665499124343,""rotation"":0,""rectanglelabels"":[""Odometer""],""original_width"":3120,""original_height"":4160}]",98.11,"2025-05-23T11:23:13.616407Z"
